comment_id,create_time,ip_location,aweme_id,content,user_id,sec_uid,short_user_id,user_unique_id,user_signature,nickname,avatar,sub_comment_count,like_count,last_modify_ts,parent_comment_id,pictures
6904740332710428686,1607635163,,6904506577466756365,寿险是不是要 再次死亡才给另外一半？,443833758259319,MS4wLjABAAAAohu-t0lMWnSCyDEhbrZJcDDU6zM3dq-TARQDrL_4siI,2221124567,,,乌拉乌拉累,https://p3-pc.douyinpic.com/aweme/100x100/aweme-avatar/tos-cn-avt-0015_1940e4516ea37d279af74a3c841a9cc6.jpeg?from=2064092626,0,210,1765108081344,0,
6904510770676236291,1607581695,,6904506577466756365,保险只赔两种，这不赔，那不陪,96896602547,MS4wLjABAAAA0nmNmQZJ22VcvrhCz1sZ90x23vmlaq2t_ew0fFWjc68,819201828,2019wo16888888,,大白鹅看金鱼🐟,https://p3-pc.douyinpic.com/aweme/100x100/aweme-avatar/tos-cn-i-0813_df1977a7552f467c874b49c23acd29c4.jpeg?from=2064092626,5,14304,1765108081346,0,
6904578717952737293,1607597511,,6904506577466756365,这真是反人类的条件啊[捂脸][捂脸][捂脸]一人得同样的癌症两次[捂脸][捂脸][捂脸],61615349809,MS4wLjABAAAAOMi0-zpuPeIXMdymojlCH2GQex3XGmPSHcXdEXNnjto,614772386,,,鲸🐳落。！,https://p3-pc.douyinpic.com/aweme/100x100/aweme-avatar/tos-cn-i-0813_o4A0AfFMBADmiATAj0iYjFEMeCCIIEDg5d9HBA.jpeg?from=2064092626,3,1009,1765108081347,0,
6904527615202295821,1607585615,,6904506577466756365,买保险的时候一个是重疾险，另外肯定附加的是五年后的恶性肿瘤重疾，价格不一样，保险公司应该是没错的，如果真的有错，早投诉到银行保监会了,106800658271,MS4wLjABAAAAGcbdj5Y9vyi9II-nSQ7bWc2a9huoZqSJvlEzyfrQeHw,1745894124,,,童文,https://p3-pc.douyinpic.com/aweme/100x100/aweme-avatar/tos-cn-i-0813c000-ce_oUilCX69IAezJeHDE3AlCTAOA2LHt4ePQAfGjI.jpeg?from=2064092626,3,228,1765108081349,0,
6904509690529824768,1607581442,,6904506577466756365,我感觉保险就是最大的坑，业务员培训的都是怎么样才能规避理赔,100665161184,MS4wLjABAAAAokkvNyC1Y719yD-6h2D2BktA1a7T2nMKbtqXr7yWqb0,1100070158,,,满满的幸福🌟,https://p3-pc.douyinpic.com/aweme/100x100/aweme-avatar/tos-cn-i-0813_ogWXAJB6g0IiwA6ABIvAZKktu39bEABiPiZRr.jpeg?from=2064092626,5,339,1765108081351,0,
6905998161517740032,1607928004,,6904506577466756365,这是看抖音上第一个说赔了的保险公司，而且还赔了三十万，再去看其他的一分都没赔还让你到处跑，找这资料那资料，最后还是拒赔，这个保险公司应该还可以吧,73353006727,MS4wLjABAAAAEXmkc5WhMNWUlCrTz6UQaYk8UHfoFv_li2cHPuyw9js,106528676,,,春夏秋冬四季旺,https://p3-pc.douyinpic.com/aweme/100x100/aweme-avatar/tos-cn-i-0813_5fab6c8bd52b4fe39be32756bdbcf913.jpeg?from=2064092626,1,303,1765108081353,0,
6906835901474357262,1608123052,,6904506577466756365,给30万的保险公司少见啊,79482688565,MS4wLjABAAAAB1qS2e-59ndEw8tdmP2cMoVQswHkdKHT6h2LymBxkLc,276586685,,,刘阳 — 六安大墅豪宅,https://p3-pc.douyinpic.com/aweme/100x100/aweme-avatar/tos-cn-avt-0015_848ed8979e43704bb373fa44510e0a54.jpeg?from=2064092626,1,130,1765108081354,0,
6904510424026054664,1607581612,,6904506577466756365,所以不买保险！买的时候什么都说的好好的！等到理赔的时候就麻烦来了！,83107349599,MS4wLjABAAAAu9DEoEHNgg5mhtRE_BpeK1naWK8WtUvWS4KoW0my6Uo,176206361,,,凌曼珺,https://p3-pc.douyinpic.com/aweme/100x100/aweme-avatar/mosaic-legacy_2de340001a1ad84a51dad.jpeg?from=2064092626,1,105,1765108081356,0,
6904553455462645763,1607591635,,6904506577466756365,癌症 再次得病 哪个精算师的杰作 高手啊高手,77356750242,MS4wLjABAAAAmtnTCF5ETVAMnsYZp0Ebi7MPwhKGyvdvOIg6Bp37cPE,577465350,kaikaikai0924,,Kai樂,https://p3-pc.douyinpic.com/aweme/100x100/aweme-avatar/tos-cn-avt-0015_f59b5527d816f676e9e17bf3c967ba23.jpeg?from=2064092626,1,389,1765108081358,0,
6904526779366227971,1607585425,,6904506577466756365,卖保险的是小学学历，理赔时工作人员是专家团队[捂脸],62433120784,MS4wLjABAAAA9tFDrkZIqkMT-znXSgepNNgfRk61SxsKdljoBXqKnEo,839775013,839425657V,,一块烧鸭,https://p3-pc.douyinpic.com/aweme/100x100/aweme-avatar/tos-cn-avt-0015_6f80e52f445a3943899e0b0369025b91.jpeg?from=2064092626,0,25,1765108081360,0,
6910862938597441544,1609060671,,6904506577466756365,五年后在得这样的病才能得到后面的30万。 这癌症在保险口中犹如感冒一般,97516993094,MS4wLjABAAAAkGYjQ5Sov7S8fUz8yASkGl8PwPs5S-nitOQTaYN9tMA,930678555,,,用户97516993094,https://p3-pc.douyinpic.com/aweme/100x100/aweme-avatar/aweme_default_avatar.png.jpeg?from=2064092626,3,127,1765108081361,0,
6904914575276228608,1607675711,,6904506577466756365,在中国你还敢轻易相信保险[疑问][疑问][疑问],571395678939469,MS4wLjABAAAA6gz72rjABBe6anONNxqFFiL627Rf1EeLXlZgHJGs5j0,3722298699,dya4y4q9iy9j,,润青,https://p3-pc.douyinpic.com/aweme/100x100/aweme-avatar/tos-cn-i-0813_ea1ef25c5ca542dca3937680b688ac7a.jpeg?from=2064092626,0,1503,1765108081362,0,
6904527248830119951,1607585531,,6904506577466756365,你只要媒体不断介入，让保险公司的损失比这30万还多，那他就很快给你赔偿，减少损失了！,52068860030,MS4wLjABAAAA8n7voz3W9TCmOO-UMPR-sVe0gJw1omI5yuBJawqcJJ4,3476875,GA8HH16,,六脉神经,https://p3-pc.douyinpic.com/aweme/100x100/aweme-avatar/tos-cn-i-0813c001_oIBUwVVgEg2BAi1BAIwP3ACiApZxQBIFpdvAA.jpeg?from=2064092626,0,24,1765108081363,0,
6904933792289800192,1607680185,,6904506577466756365,失误，昨不多打600万,110572239065,MS4wLjABAAAAOtKP4-K1xoXYOlrcLsUamu3nHUDQkHPD6Y5wYgs-pvw,1973096218,,,与其征服不如让对手信服,https://p3-pc.douyinpic.com/aweme/100x100/aweme-avatar/tos-cn-avt-0015_53806955b2b9a0ea83ad9384bdf88eec.jpeg?from=2064092626,0,145,1765108081365,0,
6904671913483059200,1607619227,,6904506577466756365,中宏的套路很深的,94422076739,MS4wLjABAAAA1rZxKQxtQt5Q22mjuWwoQit6YSy54g6cCvzKj-54-PY,570878450,,,安达里士,https://p3-pc.douyinpic.com/aweme/100x100/aweme-avatar/tos-cn-avt-0015_aa58f8fd9d5e301595313d67a6300584.jpeg?from=2064092626,0,102,1765108081367,0,
6904608941163266060,1607604548,,6904506577466756365,中宏保险，第一次听说,101756166427,MS4wLjABAAAA_Au6eHbn5H4OUvawWQ7ZHNGmZdLA2s4hgNVPW_EmZJM,1166494727,,,雪狼2020,https://p3-pc.douyinpic.com/aweme/100x100/aweme-avatar/tos-cn-i-0813c001_ogAAfSEIEAgm0QdfRbFD2NBP5HxvGAAIDCm9Ap.jpeg?from=2064092626,0,143,1765108081369,0,
6914190684346482696,1609835474,,6904506577466756365,保险公司老总的妈妈得病去世了，保险员告诉老板需要本人带身份证才能理赔,88470695034,MS4wLjABAAAARgm48taCSbGG5eQxNbNQKfP6IhKqpVUweAS7mUNSG3Y,586751184,,,威猛的小毛蛋～,https://p3-pc.douyinpic.com/aweme/100x100/aweme-avatar/tos-cn-i-0813c000-ce_oE5e8AMMo0EJaX7fPMglGA8BgInzEfXQAAi9QN.jpeg?from=2064092626,0,123,1765108081370,0,
6904605542397067264,1607603756,,6904506577466756365,还好拿到了30万，有的保险会一直耍赖不赔付你会更难[捂脸][捂脸],97977595343,MS4wLjABAAAAxQ5bYUchr6MfC30-R9GvVaE_XVaYm31Wkl7Ix6Y8L9o,995058253,lbz1053024320,,呗侬【阿表哥】,https://p3-pc.douyinpic.com/aweme/100x100/aweme-avatar/tos-cn-i-0813c001_33edc5e101b44155a62e3e1bd7e9e03a.jpeg?from=2064092626,0,214,1765108081371,0,
6904520389331337224,1607583933,,6904506577466756365,有一个亲戚给我介绍对象，见面了之后她就问你家里人都买保险了么？我就说没有，没事买它干嘛？然后各种传销式洗脑。果断删了她。。,104669742727,MS4wLjABAAAATp4oo0OSwhWO7BqKkIu80Yyj25TRCRvyofxNLtMHvh4,1761889484,,,01573,https://p3-pc.douyinpic.com/aweme/100x100/aweme-avatar/mosaic-legacy_f7a800113a67b68974dc.jpeg?from=2064092626,1,4,1765108081373,0,
6909491419707768839,1608741351,,6904506577466756365,就算你承认你家失误了那也应该为自己的失误买单！,61132325844,MS4wLjABAAAASe20K4LTUJ4N1tttVg7jPhFLpAUuTXptuvEfv7FUGgM,208588032,,,家有一甯🍓玥来越好,https://p3-pc.douyinpic.com/aweme/100x100/aweme-avatar/tos-cn-avt-0015_c3aaaaca1164e911c11785b0a9ba1602.jpeg?from=2064092626,0,112,1765108081375,0,
6904520571795587079,1607583974,,6904506577466756365,国家应该对这些保险公司严肃整顿才行，以后保险合同只能写得简单明了，写得明明白白，哪些病一项一项写清楚，不允许一本书一样的来让买险人看不懂，看不完，看不清楚,1855604746105256,MS4wLjABAAAALxVgd0Nic1Q74b_W2e5LtBikpA_lhWUd52MkPCIcOCinXzxDVJY2DRxl4sNIzB-x,3642251083,lyj1778422,,杰哥,https://p3-pc.douyinpic.com/aweme/100x100/aweme-avatar/tos-cn-i-0813_oIIoBBzA13tgDyzZ0AIjdAi8XPQPEAg6LiAAA.jpeg?from=2064092626,0,4,1765108083829,0,
6904517465725222919,1607583253,,6904506577466756365,小保险公司给你赔30万你就偷着乐吧,108603352313,MS4wLjABAAAAzpIKVZ_IJr1YYgSzAkI1J6I4Xv_IaHo5GJCzGnqprNc,1814208509,,,威尼斯的泪,https://p3-pc.douyinpic.com/aweme/100x100/aweme-avatar/tos-cn-i-0813_2bfc86e93bc949b4afd0c675ac239578.jpeg?from=2064092626,0,15,1765108083831,0,
6904527557488902159,1607585602,,6904506577466756365,这是怕死不了[捂脸]还要复发后再赔给你[捂脸],99854571478,MS4wLjABAAAAynd0GaxbwPEutPTcVeGJpPTMPqvO9WqxFOvUTdpWbGI,1036121096,,,凡蒙宝,https://p3-pc.douyinpic.com/aweme/100x100/aweme-avatar/tos-cn-i-0813c001_oUi0nA9AEAAfXICLAnAg8IGmCCi10viB7AxeDw.jpeg?from=2064092626,0,38,1765108083832,0,
6904515868991651848,1607582882,,6904506577466756365,谁这么倒霉。一个病生两次。保险真的不敢相信,110984945059,MS4wLjABAAAAf61KjYqBM0KU88Aym6PEPusPe72DHTrelvgIYKLPfpo,2818957818,Mumeng3322,,沐萌优选,https://p3-pc.douyinpic.com/aweme/100x100/aweme-avatar/tos-cn-avt-0015_9f78a65e729b2968e032d08dee7469c6.jpeg?from=2064092626,0,116,1765108083834,0,
6904809295809069069,1607651199,,6904506577466756365,保险公司搞套路，应该陪还得罚,97693875150,MS4wLjABAAAA48T9Z7Z4RTBlVuORZKV1lvC09E03EMvUxBI1STFv87M,1000691411,,,天~涯,https://p3-pc.douyinpic.com/aweme/100x100/aweme-avatar/tos-cn-i-0813c001_oAI7FANcC7IAcA9DAegSEPfhRzAOAkujzgAgCK.jpeg?from=2064092626,0,227,1765108083835,0,
6904511479656251407,1607581858,,6904506577466756365,我也让保险坑过，最后把本金还我了，说新人不懂没说清楚[捂脸][捂脸][捂脸]！中国的保险行业跟闹着玩似的,82840242026,MS4wLjABAAAAFICqTxvxjF7JDBbLmNk_WpaMNuEkkDII4mFv06-9IZs,173882182,20181124px,,上上签88888,https://p3-pc.douyinpic.com/aweme/100x100/aweme-avatar/tos-cn-avt-0015_3811817930b60b3c99a18b86e8ce8aea.jpeg?from=2064092626,0,13,1765108083838,0,
6904527578737541134,1607585607,,6904506577466756365,在中国买保险[捂脸][捂脸][捂脸],68291448000,MS4wLjABAAAAvf3i9UboshhZbrGgvFp6zxNUySYGBC-xsJ7S8NynmX4,2306431471,Y419127408,,慎@独,https://p3-pc.douyinpic.com/aweme/100x100/aweme-avatar/tos-cn-i-0813_02478cc43c074e1a9cb34258869f4bba.jpeg?from=2064092626,0,40,1765108083839,0,
6904522186468360199,1607584350,,6904506577466756365,现在的保险公司，坑蒙拐骗样样俱全,101441766636,MS4wLjABAAAAx3ae8-QF3hSRZyacva_dWhgPiLLmRTdCeGqvQPKW3H8,1653679356,,,旺哥,https://p3-pc.douyinpic.com/aweme/100x100/aweme-avatar/tos-cn-i-0813_bb0697289e3740218d31fdd9cd276d88.jpeg?from=2064092626,0,8458,1765108083841,0,
6904526580299874316,1607585376,,6904506577466756365,弄错了，是你们的问题！[捂脸][捂脸]！信誉啊[呲牙],98059665045,MS4wLjABAAAAP47DZIP1PqUWPtyoJGTRCSccKryb7_-PX0ZrAMoD0Fk,1617218094,39097317208,,实话实说,https://p3-pc.douyinpic.com/aweme/100x100/aweme-avatar/tos-cn-i-0813_oopBxAeOnInH6bAAfkAAbTD9K6Qp7bgBGAfu7E.jpeg?from=2064092626,0,10,1765108083842,0,
6904519296337264652,1607583680,,6904506577466756365,都快拿笔记下来:中宏人寿。远离……,108076537330,MS4wLjABAAAAl9B7VQYE5NAWV128KhuT3Z0SI04l4eE9MjlD83gqIhA,1784385663,Simon888168,,🌈浊酒孤灯,https://p3-pc.douyinpic.com/aweme/100x100/aweme-avatar/tos-cn-i-0813_1de9e3cedd7e47daabb5c0fc6cbda015.jpeg?from=2064092626,0,7,1765108083844,0,
6904512002421850119,1607581980,,6904506577466756365,不买，30万都没了。,104686157327,MS4wLjABAAAASxMTjV4T39UgtqjpYEEk0fwayThvRY1Xj3j_Rri6H_A,3599536923,mdlwlshjequitfqc,,蓝天白云,https://p3-pc.douyinpic.com/aweme/100x100/aweme-avatar/tos-cn-i-0813c001_okAlYdIgCoAFiEBLHo9Jo6fxAdDeACAQ1ArmgQ.jpeg?from=2064092626,0,3,1765108083845,0,
6904510425867108352,1607581615,,6904506577466756365,真正了解保险就明白了，没事就保险。有事就…………！,99625952272,MS4wLjABAAAAILGFwul2-l8LD64d7slRayfnZSs3JwGl8jUi77xzTQo,1012126087,40663604435,,BD7LBQ,https://p3-pc.douyinpic.com/aweme/100x100/aweme-avatar/tos-cn-i-0813c000-ce_osAIwEgA9hqEnAifNAXjCYF0GLIDAEFaeeoECh.jpeg?from=2064092626,0,21,1765108083846,0,
6904906286392426507,1607673785,,6904506577466756365,小公司不敢买！赔不起,65334775884,MS4wLjABAAAAFFg-VjjyNBtDS1LrBhiWBXptBMpmeKbShZW4IlljhFY,109935512,,,怕黑的女人,https://p3-pc.douyinpic.com/aweme/100x100/aweme-avatar/tos-cn-i-0813_9d1454aaa5fe498f9d4d15fa992c4c3a.jpeg?from=2064092626,0,69,1765108083847,0,
6904527371739906063,1607585560,,6904506577466756365,保险合同重疾有多次赔付，不是患病一次就赔多次，如果买的基础保额就是30万，人家赔30万就没有错，有些东西不是说喊了记者就有理,64491003620,MS4wLjABAAAAqxCXtdJmMErvvIo8yOcVWtjQvWyle5hQdjKnITpifeA,173016426,a13223706989,,何艳,https://p3-pc.douyinpic.com/aweme/100x100/aweme-avatar/tos-cn-avt-0015_5ceffce0438bead7777844449b889c29.jpeg?from=2064092626,0,163,1765108083849,0,
7396222234572505893,1722067187,,6904506577466756365,你才交了一年多，给你赔30万已经不错了。,71505360235,MS4wLjABAAAAGVOokDm0aPDO7i1KaMpM8ryJX_dxNJXsBIoteYizhC0,121551584,,,疯狂小核桃,https://p3-pc.douyinpic.com/aweme/100x100/aweme-avatar/tos-cn-i-0813_oEAtpKRJDIDkn4kZAWFAEM7E2EfYRABEEbAfBe.jpeg?from=2064092626,0,0,1765108083850,0,
6904748273916608520,1607637009,,6904506577466756365,你保险公司犯的错，凭什么让客户买单,92778737293,MS4wLjABAAAAFH1v_L3H1A2EK_sNH3rFE33zzS8wh8vSHkFFMoEzyIA,974834120,,,金骨山,https://p3-pc.douyinpic.com/aweme/100x100/aweme-avatar/tos-cn-i-0813_oE9DLAhUApAI9AuogrCFELc4ECefAAHiJgDsAL.jpeg?from=2064092626,0,280,1765108083852,0,
6904579379666665487,1607597665,,6904506577466756365,什么玩意,106089676690,MS4wLjABAAAA57A6FYpRLFOHGMYi7XCfp9ma6vQWI1epaVA5wVWvpy4,1701437940,,,君 临 城下,https://p3-pc.douyinpic.com/aweme/100x100/aweme-avatar/tos-cn-avt-0015_55b35f9724df52a67c71ccef9a8da1c1.jpeg?from=2064092626,0,50,1765108083854,0,
6906479529435430912,1608040078,,6904506577466756365,按合同执行，写一亿有什么用,50875024879,MS4wLjABAAAAOxRKi9C0G04NCHmdsV4c8tP2kcI19utU5lD-5_9xVa8,701317686,,,🌈星途,https://p3-pc.douyinpic.com/aweme/100x100/aweme-avatar/tos-cn-i-0813_os9C8AqGAvAItAqmfsNFE6auECnf3Ap6VgDzAp.jpeg?from=2064092626,0,118,1765108083856,0,
6904970799032614920,1607688799,,6904506577466756365,还好给你30万,72345834246,MS4wLjABAAAAkobWZ9_KxOfiUtXwrpZgq5SsAuZg1bLwQluLFaJWa_c,661624734,,,#梧桐#,https://p3-pc.douyinpic.com/aweme/100x100/aweme-avatar/tos-cn-i-0813c001_a6605ac078054c5da43149eccbdd3ddd.jpeg?from=2064092626,0,83,1765108083857,0,
6904527672731500559,1607585629,,6904506577466756365,请律师，打官司，一定要打倒保险公司，太骗人了吧。,106000708923,MS4wLjABAAAAU12Inddbn3mzLWSMR53RZYBxnXoyLiFMQX76JDwgWEE,3552650467,zhouchengnuo94,,轴承诺言,https://p3-pc.douyinpic.com/aweme/100x100/aweme-avatar/mosaic-legacy_30f6400009edc56cb0007.jpeg?from=2064092626,0,207,1765108083858,0,
6904527184485433355,1607585518,,6904506577466756365,保险套路太深，找到他就是这不赔，那不赔。买保险的时候，这个赔，那个也赔。,101009075656,MS4wLjABAAAAhP9Z8D7kF0t08f4FJOIficAIVGePkRjrGJuHs5c82jo,1105966094,,,金旺珠宝（黄金.零售-回收-加工）,https://p3-pc.douyinpic.com/aweme/100x100/aweme-avatar/tos-cn-i-0813c001_188c06ae79d04e209977dc4f5c2b49b4.jpeg?from=2064092626,2,13,1765108086333,0,
6904527297697890307,1607585544,,6904506577466756365,这就是我不买保险的原因,104473015568,MS4wLjABAAAA88Y-Up281egR_AoXLQln5eVG7R5omPAcfqgcfLLGGqc,1631599125,V7373,,冰冻密西根,https://p3-pc.douyinpic.com/aweme/100x100/aweme-avatar/mosaic-legacy_31847000c0c2e980cf1fa.jpeg?from=2064092626,0,11,1765108086334,0,
6913539668894384142,1609683895,,6904506577466756365,中国的保险和彩票差不多[玫瑰],1420177681952445,MS4wLjABAAAAik4soWpkP7vbmSzy70pt_tD2KV0iEnoQbWkFAYwe85J1kNEY4EEYpk0VjJDeOOAY,3412668313,yu6152573,,雨,https://p3-pc.douyinpic.com/aweme/100x100/aweme-avatar/tos-cn-i-0813_d875aabd79184f1bb3808d6399e86387.jpeg?from=2064092626,0,45,1765108086336,0,
6914687255685185543,1609951099,,6904506577466756365,这就是买保险贪图便宜，理赔时总有意想不到的问题出现。这就是客户一直不信的邪，同样的保额为什么要买贵的？,26051804492,MS4wLjABAAAAHtdxVAD2I92sGVh3IlY4UFCdm6eJCbq37BypjPn1Ta8,341223737,,,长安小说,https://p3-pc.douyinpic.com/aweme/100x100/aweme-avatar/tos-cn-i-0813_b3bfe8f2dc78491a8a7170a5693b4c76.jpeg?from=2064092626,0,34,1765108086337,0,
6904516944397942792,1607583130,,6904506577466756365,全是套路！ 买保险还是要大公司！,71668521376,MS4wLjABAAAArGcf-TYgwGiFzgOlFToMWadUJwgcRuYrjCc0Kd8Mq3Y,90298763,,,滴滴啊鑫,https://p3-pc.douyinpic.com/aweme/100x100/aweme-avatar/tos-cn-avt-0015_313535a8dd3a03f43624dfbb73c7cadd.jpeg?from=2064092626,0,7,1765108086339,0,
6904524621761691659,1607584923,,6904506577466756365,平安的附加险很多，还不能取消，保费很高，分红很少很少，一定要学习好保险知识，清楚了解条款再上也不迟。,103981763924,MS4wLjABAAAAv6FaCnVo5iEbnP7-ZYwBR2oiyGdEKB1LhhdpXx2YF2w,1394492577,ame768,,⑅ᵕ༚ᵕ˖˚☽,https://p3-pc.douyinpic.com/aweme/100x100/aweme-avatar/tos-cn-i-0813c001_ooBMCEeIB42FVCoCgivvApAAviCkA0AAFwxeIi.jpeg?from=2064092626,0,3,1765108086340,0,
6904652615901003790,1607614719,,6904506577466756365,中国保险公司，两个字呵呵,96090830004,MS4wLjABAAAA8qGcf2ZtgK0O4ctcDFhRaKKJqTo-_f_78GRZ_ux2WZk,863927413,33333333LM,,藍小明. 🐒,https://p3-pc.douyinpic.com/aweme/100x100/aweme-avatar/tos-cn-avt-0015_db529052225b58f97c11feeaf3530306.jpeg?from=2064092626,0,139,1765108086342,0,
6913094929774510095,1609580348,,6904506577466756365,保险是好东西，就是被莫些人搞坏了。,76222092086,MS4wLjABAAAAvMr_Qtd0oyDL-TgWKVbVkmWMthdcjyMamRQ3JrmfKlY,185859429,,,豆子先生,https://p3-pc.douyinpic.com/aweme/100x100/aweme-avatar/tos-cn-i-0813_oUm5ECEmGBAIPDA2ARi4AezADA7glCY5IFfWKi.jpeg?from=2064092626,0,123,1765108086343,0,
6904527599654649856,1607585614,,6904506577466756365,解释权在保险，你告去,96820978498,MS4wLjABAAAA9ILY-8OcUpdK4DyFDZIZBcoZRJxeHmv6G4xpRrY6uyw,1611694538,lw15270315299,,鸿运红柳枝加工,https://p3-pc.douyinpic.com/aweme/100x100/aweme-avatar/tos-cn-i-0813c001_osENPA9AIAAfLQC4AmAgnQ99DCFRLCXDAWfZhz.jpeg?from=2064092626,0,55,1765108086345,0,
6904903960680071168,1607673241,,6904506577466756365,保险就是只想让你买，他们不想赔,80901412028,MS4wLjABAAAAMV420JwyYcof8F317YmNUwV1B8TK24p4wtgNz-3eubM,927736553,,,⭐⭐,https://p3-pc.douyinpic.com/aweme/100x100/aweme-avatar/tos-cn-i-0813_e3bd0819e662413fb6b73c743db1283d.jpeg?from=2064092626,0,84,1765108086346,0,
6904522005257846788,1607584310,,6904506577466756365,所以我老爹死也不允许我们买保险，买之前天花乱坠，恨不得给你供起来，买之后一杯奶茶钱否要这个审核那个审核，这个证明那个证明……,84748862631,MS4wLjABAAAAnwygEMyEOpRMe50UKr07C8YfJJmi9Zrmsph0ziDP8aY,268937102,,,火箭菟,https://p3-pc.douyinpic.com/aweme/100x100/aweme-avatar/mosaic-legacy_db7f00167c82527a670c.jpeg?from=2064092626,0,3,1765108086348,0,
6904658941138337792,1607616197,,6904506577466756365,保险就是套路[捂脸],87951899136,MS4wLjABAAAArwGH9ngW1GdekT-RJ7-LR1ejC_H3F2qEDEi80ngBQlM,326228351,gong66976952,,大白鹅左撇子,https://p3-pc.douyinpic.com/aweme/100x100/aweme-avatar/tos-cn-avt-0015_2596541ed1a9f1a2488cef9af1b33f4f.jpeg?from=2064092626,0,79,1765108086349,0,
6904632935165640716,1607610135,,6904506577466756365,这家保险就不可以去买[微笑],88205021899,MS4wLjABAAAAILSUqkk9ZlWRjVw65aLk45F6WCMsjEk_ZUpXFmFXT6M,271016963,,,少年-疯狂,https://p3-pc.douyinpic.com/aweme/100x100/aweme-avatar/tos-cn-avt-0015_cedfe1958943d1a6406e46cc8fb8cf87.jpeg?from=2064092626,0,43,1765108086350,0,
6904552820876738560,1607591485,,6904506577466756365,失误说的好简单,85312527121,MS4wLjABAAAA4c7jq5lxjwEkVisXkItSKMII-c5tNwfyRAPhB_vOHjM,688763187,,,1无名之辈,https://p3-pc.douyinpic.com/aweme/100x100/aweme-avatar/tos-cn-i-0813_b630c7950bed47f6809b8900f344f47e.jpeg?from=2064092626,0,83,1765108086351,0,
6904527764574093320,1607585650,,6904506577466756365,[呲牙]保险公司骗保,109972008268,MS4wLjABAAAAY69RjWwB6qaYtAkGbbCGf3XLbt2QhqWSsE9OQRjR538,1912521786,51009660431,,河池甘仔,https://p3-pc.douyinpic.com/aweme/100x100/aweme-avatar/aweme_default_avatar.png.jpeg?from=2064092626,0,106,1765108086353,0,
6904527620512432128,1607585617,,6904506577466756365,保险公司总会想办法不赔或者少陪，所以保险不可信,108755275920,MS4wLjABAAAAMkbAYBlrXMMAzDDeJ0KTThgndywgAjLP_8VfVnFw9Qg,1825656021,,,用户7969259936202,https://p3-pc.douyinpic.com/aweme/100x100/aweme-avatar/aweme_default_avatar.png.jpeg?from=2064092626,0,122,1765108086355,0,
6904592248949374980,1607600663,,6904506577466756365,我的所有保险都是骗子。,98011738261,MS4wLjABAAAAfEyFrPATBV8G_ugs6eBZ_JOy-1MqEg_I5L6mrfPWe-k,921041110,,,天高云淡,https://p3-pc.douyinpic.com/aweme/100x100/aweme-avatar/tos-cn-i-0813c001_oYAaA7WDwREWeAZJA9AI7BQeUbDpZHBEBnfEAC.jpeg?from=2064092626,0,125,1765108086357,0,
6912846759736213517,1609522584,,6904506577466756365,哈哈，垄断行业,2005136333341102,MS4wLjABAAAAGlrUrPnzzFomzWHzy_4ULLUs8OxSB1zVTJwkLgfagYeH2676HdEuwBuIQEEIjAqt,3904514609,PF78161705100,,里,https://p3-pc.douyinpic.com/aweme/100x100/aweme-avatar/tos-cn-i-0813c000-ce_ocEoPrnrAAAgA92zwIFYv2eDTfESUd9EEAEFfQ.jpeg?from=2064092626,0,24,1765108086358,0,
6904652064392396813,1607614591,,6904506577466756365,购买保险就要明确保险责任呀，不管公司大小，只要属于理赔范围就都得赔。,109816743718,MS4wLjABAAAA7gNoDqXpAcuKlgDIJgjFBNWBcxR06hGzDIjY7HLrdnU,1944908512,,,偶然百合,https://p3-pc.douyinpic.com/aweme/100x100/aweme-avatar/tos-cn-avt-0015_6361dcbc4242829db62cfeef4863536e.jpeg?from=2064092626,0,64,1765108086360,0,
6914888996695293967,1609998062,,6904506577466756365,收钱的时候，没有这么麻烦,92882348815,MS4wLjABAAAAqwlDmExoA0C0JK80gHpedqqs_GjXQM5JPzs-W2JuZPs,384517706,,,天上的风,https://p3-pc.douyinpic.com/aweme/100x100/aweme-avatar/mosaic-legacy_26d8a0003e9e31ab797ae.jpeg?from=2064092626,0,31,1765108086361,0,
6904526416592191488,1607585338,,6904506577466756365,买的时候啥都赔，理赔的时候啥都不赔[抠鼻],60531771335,MS4wLjABAAAAYfc2DugvjZTsxT0rR4ruIE9-ImitkwYQSERE5DYe3Do,891451207,,,天涯知己,https://p3-pc.douyinpic.com/aweme/100x100/aweme-avatar/tos-cn-i-0813_oMAAADBqKBAgGdoKAnEABYZfeAoEEIb7iBSf8t.jpeg?from=2064092626,1,2,1765108088781,0,
6904516505782747144,1607583028,,6904506577466756365,你胆子真大，信任保险公司[呲牙][呲牙][呲牙],61972021744,MS4wLjABAAAAhd9xkhtmTvehJzwrG35Ccn5UB8wLdAOHTWUyvcoQ4fk,24778104,,,宜昌老三,https://p3-pc.douyinpic.com/aweme/100x100/aweme-avatar/mosaic-legacy_18bbe0001854f227431fe.jpeg?from=2064092626,1,3,1765108088783,0,
6904528005205377038,1607585706,,6904506577466756365,保险也是一种金融产品，哪有那么多好事，条条框框把你玩的明明白白的。,111364290432,MS4wLjABAAAAkxacvPdKulnYeDqG6OzxO790WO9Q6hYXnZzC1HV_0d8,2091392213,,,角落nono,https://p3-pc.douyinpic.com/aweme/100x100/aweme-avatar/tos-cn-i-0813_29062f3e89b846b28e5ff2d44176182d.jpeg?from=2064092626,0,611,1765108088784,0,
6904526249365471243,1607585301,,6904506577466756365,感觉赔多了，加一个条款，下次再赔,76324882733,MS4wLjABAAAALMWwztwzIKjQxN5Ug722GVVBMZTNSz5qljx4c5tiEoQ,129247994,,,冰封的心,https://p3-pc.douyinpic.com/aweme/100x100/aweme-avatar/aweme_default_avatar.png.jpeg?from=2064092626,0,3,1765108088785,0,
6904601624979931148,1607602845,,6904506577466756365,文字游戏玩的好[赞][赞][捂脸][捂脸][捂脸][捂脸][捂脸][捂脸],1156341100193294,MS4wLjABAAAAIPyQNnm9EddjRU8F2UKw0aVIC-Z2cmwFAH5ZFyDBz3xiIHBhMmChtzqwKegCiR8f,3488006088,qinfengyiran,,秦风依然,https://p3-pc.douyinpic.com/aweme/100x100/aweme-avatar/tos-cn-i-0813_a0ed6ef6e3794898bf55580e3790affa.jpeg?from=2064092626,0,136,1765108088786,0,
6904596939057381390,1607601752,,6904506577466756365,保险就是垃圾,111091037681,MS4wLjABAAAAWO1jk_sopmVGimAQ6W-BcLlAnqs42uznFvo_aqwSOvk,2027918142,,,中华小当家,https://p3-pc.douyinpic.com/aweme/100x100/aweme-avatar/tos-cn-avt-0015_58ce1998c071b133b1dfbdbb55888723.jpeg?from=2064092626,0,132,1765108088788,0,
6904516153356648455,1607582947,,6904506577466756365,失误,1217908051027880,MS4wLjABAAAAkRdoRLEZO1yGm-SSmZ84_8vraNdGSdpitePnU8C90B6ALKQ3xrYclsUVkffi93cX,2285740686,weizuikanxiy,,李尚网来👩‍❤️‍💋‍👨,https://p3-pc.douyinpic.com/aweme/100x100/aweme-avatar/tos-cn-i-0813c000-ce_oMo7mEEABADyCQ8eBofgjFgIDfAdFJASMEASIQ.jpeg?from=2064092626,0,2,1765108088789,0,
6904527581488676867,1607585609,,6904506577466756365,保险，呵呵,83720862941,MS4wLjABAAAAJUzlIX34ItK0Iosil7x4_wnVl5U5d_vQ4sdnf5LyiNc,179415050,24758515104,,用户7471388120751,https://p3-pc.douyinpic.com/aweme/100x100/aweme-avatar/aweme_default_avatar.png.jpeg?from=2064092626,0,31,1765108088791,0,
6904562403925966863,1607593714,,6904506577466756365,这种理赔合同建议在公证处留一份,62823164160,MS4wLjABAAAA2spnl_j6KVR3SLqvSvgWj2g8zKMZvmVYDCR-17lTEns,31801948,,,AL,https://p3-pc.douyinpic.com/aweme/100x100/aweme-avatar/tos-cn-i-0813c001_oMHmCwJAE0zFoGfAIglI2oBA98pRDAAmAfSQiD.jpeg?from=2064092626,0,102,1765108088792,0,
6904558780634693647,1607592872,,6904506577466756365,保险就是骗人,77081521308,MS4wLjABAAAApnCGS0J5Lw6eqpIwXhyE2qBFnBUf_e_gCSEo84n-dac,134306703,chunyan26359,,点点❤️,https://p3-pc.douyinpic.com/aweme/100x100/aweme-avatar/tos-cn-avt-0015_a8015e2e4f4fac24c3f659569bfaa0bf.jpeg?from=2064092626,0,148,1765108088794,0,
6906109979678687245,1607954035,,6904506577466756365,某些保险公司真无良,92498725099,MS4wLjABAAAAN5Z7X_s9H_oZDIQwoj-JYoSbwa0968ue3CcFdOK1xOc,829561134,,,ME&WE,https://p3-pc.douyinpic.com/aweme/100x100/aweme-avatar/tos-cn-avt-0015_99e27ddc64db6ace8d15a8bb48147de1.jpeg?from=2064092626,0,66,1765108088795,0,
6904648651717623820,1607613797,,6904506577466756365,保险只干最不保险的事,68738526552,MS4wLjABAAAAyUkqiNdWBaJUBoqZKcFX-SoSR9ZS2QGw6OXmf1Zhg5w,1872882704,,,汉易,https://p3-pc.douyinpic.com/aweme/100x100/aweme-avatar/tos-cn-i-0813c001_9f9e6e7d8750410c9c906fdc81e79e97.jpeg?from=2064092626,0,69,1765108088796,0,
6908341735177322496,1608473656,,6904506577466756365,哪里来的那么多失误[666][666][666],97189176165,MS4wLjABAAAA11p0gAcyOJry5iiJ9ezS5Cc-JlXvrzjuWyLU8ts9cZ8,850887510,,,抡大锤,https://p3-pc.douyinpic.com/aweme/100x100/aweme-avatar/aweme_default_avatar.png.jpeg?from=2064092626,0,81,1765108088798,0,
6904937676437241864,1607681087,,6904506577466756365,人家才不理你是不是失误因为你条款那里写着理赔60万的，你就要赔60万,66807081495,MS4wLjABAAAANZ1fnIEy1s078ude6i0QdM8pBj44v6cEdqfF_WyDjFc,366034513,xu.1111,,@旭,https://p3-pc.douyinpic.com/aweme/100x100/aweme-avatar/tos-cn-i-0813c000-ce_ok7AMfoNFws9D1AQAMnEAdEeFEZFIAe5ozvgAD.jpeg?from=2064092626,0,1,1765108088799,0,
6905208037619793933,1607744037,,6904506577466756365,只能上法院给法官说,67601281534,MS4wLjABAAAAXiJToZ0QEl8KyEccGV0tEckhyxrnzaCOyud6n-WFfig,197708606,meipengjingp,,重庆时光社经典车,https://p3-pc.douyinpic.com/aweme/100x100/aweme-avatar/tos-cn-avt-0015_ff6c2cc4e2dc84c4503831e03812194e.jpeg?from=2064092626,0,98,1765108088800,0,
6904510186108076043,1607581560,,6904506577466756365,又是人寿,64527173280,MS4wLjABAAAAjq0tRusI5YiIRjDEXaVS4tDpNNjKsilrHSJfN_-y3JE,980200400,zsl545870856,,安-然,https://p3-pc.douyinpic.com/aweme/100x100/aweme-avatar/tos-cn-i-0813_oUEAdy1AOCvASgenEyIADfhAR6zd07ARrN3aLC.jpeg?from=2064092626,0,6,1765108088802,0,
6904526893140754432,1607585449,,6904506577466756365,这人要多倒霉癌症要连续中两次[捂脸],85790662153,MS4wLjABAAAA9Nr6C8w-Ygks63eYTJ2ALdapNDQAzLVo6J9HRe_Kf_c,890516433,15061890123q,,昆山会计，企业注册,https://p3-pc.douyinpic.com/aweme/100x100/aweme-avatar/tos-cn-i-0813c000-ce_oEqRUAHbkeA32iI0ACifEEwhXjqAaOE6eAB7AO.jpeg?from=2064092626,0,11,1765108088803,0,
6904522075290238983,1607584325,,6904506577466756365,现在的保险公司骗人太多了，业务员为了赚钱什么条件都瞎说，我上过,4032638779932523,MS4wLjABAAAApDDn5nKmiW-k2G5GuHmGqsdTmybR9HFEZi8klKzvd_IWB4zrXZUuRgXqPbI42JgD,2216498769,,,煮动力火锅,https://p3-pc.douyinpic.com/aweme/100x100/aweme-avatar/mosaic-legacy_1e1490001b99fce918f1a.jpeg?from=2064092626,0,19,1765108088804,0,
6905152461888405518,1607731100,,6904506577466756365,给赔就不错了[不失礼貌的微笑][不失礼貌的微笑][不失礼貌的微笑],3144217925271063,MS4wLjABAAAAxZ4uS_W0TICXc2l3Qquu51fe57-N1-N17CnbC8JOCgzctAcuoFjkrrmO5IWAT-MH,2799787793,36196749560,,用户1039658359643,https://p3-pc.douyinpic.com/aweme/100x100/aweme-avatar/aweme_default_avatar.png.jpeg?from=2064092626,0,54,1765108088806,0,
6904512565448212495,1607582111,,6904506577466756365,这次不算，下次再来。[捂脸][捂脸][捂脸],88696433672,MS4wLjABAAAAnIHlJUE8ctKjwlXdncXLBXVp8kvCZFO2JXjY9ZCvW70,1344782458,,,有米无炊         🪳,https://p3-pc.douyinpic.com/aweme/100x100/aweme-avatar/tos-cn-i-0813_0a706c95604b4a7cbfaa9476cb1dedcd.jpeg?from=2064092626,0,18,1765108088808,0,
6904516568798642184,1607583045,,6904506577466756365,二次赔付重疾么？那要提前说清楚啊[抠鼻],109685366281,MS4wLjABAAAApFs02tOfRirQ7IPLQ0NnpwpCPtsPPKaq9GpZzi0nQ8g,2075733049,,,Varðstjóri,https://p3-pc.douyinpic.com/aweme/100x100/aweme-avatar/tos-cn-i-0813_o8HA0mnOeAIx5WLUA96mACMAZIxIQCAbglaRfD.jpeg?from=2064092626,0,2,1765108091217,0,
6904527898393264139,1607585682,,6904506577466756365,告他,93018569486,MS4wLjABAAAAptNU6iG89f557rVXseekhdZ0LLOFLELEn8ogClFv3H4,783222380,Buyaoliwoni,,艾情,https://p3-pc.douyinpic.com/aweme/100x100/aweme-avatar/tos-cn-avt-0015_63adb382e4830eed0c1d30c9c23d3b00.jpeg?from=2064092626,0,126,1765108091219,0,
6904515922657099779,1607582895,,6904506577466756365,保险太坑了,3087026360692396,MS4wLjABAAAAWvPahWrQ2xXE6uHgqj6QXnpvT4MGZeLJxCS92Fda6dIHX-BxcQaMdmthRCHDp358,3452487811,xiaocui50097,,小崔,https://p3-pc.douyinpic.com/aweme/100x100/aweme-avatar/mosaic-legacy_2f75b0001fd8a99f626f1.jpeg?from=2064092626,0,2,1765108091220,0,
6904521651309150212,1607584230,,6904506577466756365,这个5年，应该是存活5年后会再次给60才对,99696378176,MS4wLjABAAAAclCp0BgXtc42x1Y5ga5aYbBbC0dzY4286y2Oo5V2lJc,1253570191,,,瑞典厨房（威尼都店）,https://p3-pc.douyinpic.com/aweme/100x100/aweme-avatar/mosaic-legacy_312490005f01335e15c44.jpeg?from=2064092626,0,3,1765108091221,0,
7232923541262304057,1684046249,,6904506577466756365,我也买了中宏保险11年为此事闹心扒拉[流泪],73701164355,MS4wLjABAAAAGaVIIi9-x2KTendURP1aOSPui0LeS8RNNK6sU7HBplU,352820242,,,心净慧自开,https://p3-pc.douyinpic.com/aweme/100x100/aweme-avatar/tos-cn-avt-0015_86e2f52fa95694e5e618d031588652f3.jpeg?from=2064092626,2,1,1765108091222,0,
6904516571717976076,1607583048,,6904506577466756365,倒牌子,105019098020,MS4wLjABAAAApLLDX08STXuu136TZTMKNRqZOMQWBBMGxgk3UkBuSGg,3427745178,dyi2k33czvbg,,微笑😊,https://p3-pc.douyinpic.com/aweme/100x100/aweme-avatar/tos-cn-avt-0015_983df8ca39ebf6d3172b10abf7d41bdc.jpeg?from=2064092626,0,3,1765108091224,0,
6905648610542338048,1607846618,,6904506577466756365,保险？呵呵，好的吧，您随意就好,96559417000,MS4wLjABAAAAKQ1USaWiiGsdzy1T3XKCac0kRkY1NdFDM3svaVDz8Tc,704775332,,,吴亮亮,https://p3-pc.douyinpic.com/aweme/100x100/aweme-avatar/tos-cn-avt-0015_45c810cbb6f97e9c9dc9f9a2b27a3028.jpeg?from=2064092626,0,56,1765108091227,0,
6904566730690265091,1607594723,,6904506577466756365,能赔已经算得上好的了[比心],58719265699,MS4wLjABAAAAPwP-I8NL1Kk3CVCyPiP3Y9qw-d3n1u3qdujrzEhf1cI,628753344,,,项,https://p3-pc.douyinpic.com/aweme/100x100/aweme-avatar/mosaic-legacy_23f6c000654888540b3c5.jpeg?from=2064092626,0,80,1765108091229,0,
6904648162204614656,1607613681,,6904506577466756365,现在保险不保险,1983155396948013,MS4wLjABAAAAvLKW6_ev9TAx4ghZS5U17zCq76a9g3EVIK2LcBNZXnGepKHxYAuaBEKWPvKiSP58,2927471801,dyyv21mz6cf5,,初♡,https://p3-pc.douyinpic.com/aweme/100x100/aweme-avatar/mosaic-legacy_2df46000114947355ea20.jpeg?from=2064092626,0,41,1765108091230,0,
6904522584160370696,1607584445,,6904506577466756365,真的要好好管管这些卖保险的,108614710017,MS4wLjABAAAApeXAiLVFq0RaIjqYd5fScNvtjwNjDHEbsswA07rUhS4,1815207693,,,★建★,https://p3-pc.douyinpic.com/aweme/100x100/aweme-avatar/tos-cn-i-0813_oQbeAf9DCTngEAD6CSuejDUnIUANwI2weLIAAC.jpeg?from=2064092626,0,5,1765108091231,0,
6904641571615440904,1607612147,,6904506577466756365,保险套路太深,99317845127,MS4wLjABAAAASNPPOWYt6PWYA5cgcRoNJVVD6p1hpISWgaesb60dbl0,994081986,,,佛_爷,https://p3-pc.douyinpic.com/aweme/100x100/aweme-avatar/tos-cn-i-0813_28e9c88bffd44e70bc00ba28087b40ac.jpeg?from=2064092626,0,36,1765108091233,0,
6904527532906528768,1607585599,,6904506577466756365,自己的失误自己承担,93684664099,MS4wLjABAAAAFrTsF7dqvCWybo3qViFR-Ipk9WfM_N093b_M-MOKfkY,1144729032,,,1979℃,https://p3-pc.douyinpic.com/aweme/100x100/aweme-avatar/tos-cn-avt-0015_1909ab0a27a78df3100e66b1dd060bba.jpeg?from=2064092626,0,30,1765108091234,0,
6904643827928317966,1607612671,,6904506577466756365,这就保险现象,94765239472,MS4wLjABAAAAVyLt8F9shcdYrWV3kQWPFMSF2jetIzJI_7L-MXg87wY,578443680,,,你快乐吗、我很快乐,https://p3-pc.douyinpic.com/aweme/100x100/aweme-avatar/douyin-user-file_4221a75bb1d31020f4a69994010150cb.jpeg?from=2064092626,0,27,1765108091235,0,
6904527286558146560,1607585541,,6904506577466756365,中国的保险666,58766828383,MS4wLjABAAAAtNrsyeAiP9CIdSF-qWlsfSd9zrlrkYplKUEipM8p3IY,9447958,,,一言难尽,https://p3-pc.douyinpic.com/aweme/100x100/aweme-avatar/tos-cn-i-0813_76a1707876b7416c8e8642699b63bdf3.jpeg?from=2064092626,0,12,1765108091236,0,
6904526680544133135,1607585400,,6904506577466756365,你的失误，为什么要别人买单,1745676914398599,MS4wLjABAAAAGb5chR0JOAsEYysQwvh0bbu4vlOY8zGKP4nKcEY4FjeenQ0bpXIVvMdg9KI6EhU-,2295009721,feng2530619,,风,https://p3-pc.douyinpic.com/aweme/100x100/aweme-avatar/tos-cn-i-0813_oweCKAlSAyAIhAszEbDiitLVECEfzAsrzgBdA2.jpeg?from=2064092626,0,4,1765108091237,0,
6904509074655035399,1607581299,,6904506577466756365,什么保险都没听过这公司...保险只知道平安,77895079686,MS4wLjABAAAAwURVLVlMJ2NCIOfxiPziq6y_kinj9xZ6iY7KaW1uxHk,275933512,,,crazy,https://p3-pc.douyinpic.com/aweme/100x100/aweme-avatar/tos-cn-i-0813_42b8223eb8124056a1cb26be92ffb627.jpeg?from=2064092626,0,3,1765108091249,0,
6904518268724281348,1607583441,,6904506577466756365,保险都是套路,70354121488,MS4wLjABAAAAPJjx1oxJCmiz6iE7Ie9RHfkbuumqB8tPjv5ohHJjY48,132171878,Wym729012,,W若溪,https://p3-pc.douyinpic.com/aweme/100x100/aweme-avatar/tos-cn-avt-0015_f42fe5b2e6895c3d851b53484c4417ad.jpeg?from=2064092626,0,2,1765108091251,0,
6904524851567329292,1607584974,,6904506577466756365,我突然发现我买的中宏是这样的,76515560185,MS4wLjABAAAAunFy4iVzYAVk96_9OEMYLOtkDC-HA35usBfgp4oyW14,213487299,96515560185,,用户1204683416217,https://p3-pc.douyinpic.com/aweme/100x100/aweme-avatar/aweme_default_avatar.png.jpeg?from=2064092626,0,6,1765108091254,0,
6920716184527290368,1611354821,,6904506577466756365,严惩黑保险公司,96599277577,MS4wLjABAAAAJ4MK4L2iwNrxfwBOWGkU2PTXMWdyevHAjtVTyjuQX24,709822870,,,彭超越,https://p3-pc.douyinpic.com/aweme/100x100/aweme-avatar/tos-cn-i-0813c001_okgig6vPA0AEvB6jiAJSIZ0LDkIIEDPvAAQjn.jpeg?from=2064092626,0,5,1765108091263,0,
6904525533841899520,1607585131,,6904506577466756365,中国的保险不能买,95585008756,MS4wLjABAAAA2iX75mcR00_LoXuG6wHTMgCGUxWErOiG3gvmqvzvY9I,607443434,,,来自宇宙深处,https://p3-pc.douyinpic.com/aweme/100x100/aweme-avatar/mosaic-legacy_6f8d0025a6a2e49c989c.jpeg?from=2064092626,0,8,1765108091264,0,
6904515982476820491,1607582911,,6904506577466756365,卖保险的现在都开银行了,110986671706,MS4wLjABAAAA0fPznKDQUziy8otTeyqo-Rzmr2KHEhinzTFKxDpeTQ8,2801579853,52024323869,,用户2247155900492,https://p3-pc.douyinpic.com/aweme/100x100/aweme-avatar/aweme_default_avatar.png.jpeg?from=2064092626,0,3,1765108093916,0,
6904519307678990339,1607583684,,6904506577466756365,这就是真正的保险[捂脸][捂脸][捂脸],74390663408,MS4wLjABAAAAlW_DZhJyjK1vm1kq1jks8mq-q1nmDhVE3fyOgk54Qnc,583375141,27135201314LM,,林子薇❤,https://p3-pc.douyinpic.com/aweme/100x100/aweme-avatar/tos-cn-i-0813_d6ccfef279c4442c9784911fc1f44a13.jpeg?from=2064092626,0,5,1765108093917,0,
6904509811338543119,1607581472,,6904506577466756365,以后这样谁敢买？！,3245369251079744,MS4wLjABAAAAnWXP1sGPRkn49SYFJd02IkceJnhFqS4cotRxYiE4Zbn09nLqLvxa3_KluQIm_Cb0,3559487703,LoveGc326118,,🥰得億的笑😁,https://p3-pc.douyinpic.com/aweme/100x100/aweme-avatar/tos-cn-avt-0015_78e7a1e66148b07119429e5173344616.jpeg?from=2064092626,0,1,1765108093919,0,
6904526062726758415,1607585253,,6904506577466756365,真假啊 我才买的就是这家的,84020181914,MS4wLjABAAAAU5n7J2rdcx39Krr84AfP1HbU5mmO-pgt4hFoGNbeCII,346092047,,,南京全城跑摆摊 米团爸爸,https://p3-pc.douyinpic.com/aweme/100x100/aweme-avatar/mosaic-legacy_319cd0005b5c5f527e9a6.jpeg?from=2064092626,0,4,1765108093920,0,
6904525234825920527,1607585061,,6904506577466756365,这个还算有点良心起码赔钱,102016729022,MS4wLjABAAAAwJXsw4OB7xdbltcye3l0dd5_0mZqrByoNeQe_R2N-sU,1569317844,li202088827.,,陈道玄,https://p3-pc.douyinpic.com/aweme/100x100/aweme-avatar/tos-cn-i-0813_oMAkd32aDIDNlL6TAPFAD39dvCfsnAAEEggfAy.jpeg?from=2064092626,0,4,1765108093921,0,
6904526202854326287,1607585287,,6904506577466756365,还是社保靠谱点，保险这些很难讲，不了解的真的不要随便买,108873675516,MS4wLjABAAAADyXsujQL-obuZUiWydMvceRQK8k8Y7Brq78yAS9Ac1k,1832466226,yanp1ng462,,家有②宝贝,https://p3-pc.douyinpic.com/aweme/100x100/aweme-avatar/tos-cn-i-0813_oEA9c6EgDGAfhhKXCUeWAztBA6z1ACAIlAXyPZ.jpeg?from=2064092626,0,4,1765108093922,0,
6904526009669451791,1607585244,,6904506577466756365,记住这个保险公司，大家都抵制别买。,84683092834,MS4wLjABAAAACANQx2vjgkIp8Fhp65EdZaQMNCIHNa3ZXiZAQoFTsWo,1438030396,,,^w^,https://p3-pc.douyinpic.com/aweme/100x100/aweme-avatar/tos-cn-avt-0015_022482c15ff2fc03fe00407f569ef77c.jpeg?from=2064092626,0,3,1765108093924,0,
6904509631914754060,1607581432,,6904506577466756365,[捂脸][捂脸],104281902056,MS4wLjABAAAAUbPja5-JCaxmv8EMUaUFyW0yKHJcJ9zBuOouOlslq5s,2927686610,dynrtsah2xda,,回忆,https://p3-pc.douyinpic.com/aweme/100x100/aweme-avatar/tos-cn-i-0813c001_oIlBfeJkDAF7GSAIAfXIAjEGSByLEQgTRSSoAD.jpeg?from=2064092626,0,3,1765108093925,0,
6911292230837813255,1609160621,,6904506577466756365,你牛逼敢相信这些保险！,97241554617,MS4wLjABAAAAzG3m7-TOh3b7buadT8ayevd-CtjXgr-kSc_iIMwUjkQ,851747926,,,志高,https://p3-pc.douyinpic.com/aweme/100x100/aweme-avatar/tos-cn-i-0813_oonqLNLPAMAiv58AwPAVtCDrBaIjE7IQJAlij.jpeg?from=2064092626,0,22,1765108093927,0,
6904526483672023040,1607585354,,6904506577466756365,赔三十万已经很不错了,3896281422902179,MS4wLjABAAAABPf_fiFsRZlF_IfJihHb74KWKwm6HYXhIuY8y5sBcqVYlL1GZA2PeQJ8P6V6EVBK,3568996642,tao51618,,涛,https://p3-pc.douyinpic.com/aweme/100x100/aweme-avatar/tos-cn-i-0813c000-ce_owfWIYF1Ab89l85pJADAQfay7UPgPEFBATEbfV.jpeg?from=2064092626,0,8,1765108093929,0,
6904522420687011855,1607584407,,6904506577466756365,不是保险不好，是在中国卖保险都是骗人的,71152033006,MS4wLjABAAAAcG8tDfmIv1amOCwrKSOpJw-qBj4Wn9Pt9Bm9MEB9DBo,866513188,3S7D3,,核艺,https://p3-pc.douyinpic.com/aweme/100x100/aweme-avatar/tos-cn-avt-0015_d9e77070a8661a9285300139f400285a.jpeg?from=2064092626,0,5,1765108093931,0,
6904509207266623501,1607581330,,6904506577466756365,呵呵，保险,3425723861434731,MS4wLjABAAAA-YCNo5XLSgulDOM0nAIUFHmH9TP4_M9aCgtSHKuuFi2f7TC1slLTe5a4rtd8CP4n,2959977975,long115623,,刘-傲睨九霄,https://p3-pc.douyinpic.com/aweme/100x100/aweme-avatar/tos-cn-i-0813c001_o4AgeLNb9lDCDDAwConSTNejA0D0gAYExtMAIA.jpeg?from=2064092626,0,3,1765108093932,0,
6904517967187722255,1607583370,,6904506577466756365,保险公司每天都招募新业务员，其实就是坑身边的人坑完了就换一批人培养坑,72516452820,MS4wLjABAAAAre1tYkYdCgwv3_um9KMBBRqSKuK7h6RsvwGgVQfezwI,185542517,zz7777777gg,,高青芦湖大米加工厂,https://p3-pc.douyinpic.com/aweme/100x100/aweme-avatar/tos-cn-i-0813c001_owGEVAeAAkLGJ4UOAAA7VreqBeBLrJIQAE6IBU.jpeg?from=2064092626,0,7,1765108093934,0,
6904518746644660231,1607583551,,6904506577466756365,保险公司都这样的,69659453851,MS4wLjABAAAA9w6_rcWNXZ57-wWU-ww4RYtUYgGXYcM2AGFPHBmEEzI,337083023,,,用户已注销,https://p3-pc.douyinpic.com/aweme/100x100/aweme-avatar/tos-cn-avt-0015_3d023ff5f5d024e445e533ec3ee31257.jpeg?from=2064092626,0,1,1765108093935,0,
6912244287652823040,1609382293,,6904506577466756365,保险呵呵,103145020865,MS4wLjABAAAAU6Dk3MoDSpX_El6JHT59WBFxyYYG2k2WEJ6FfSlL0JA,1400429031,,,勇往直前,https://thirdwx.qlogo.cn/mmopen/vi_32/NoXichbviaSUabfe0icYuIASkAzl7t5MdRewRqqm5ZoENorsGicn6N5mxkfibeiaPpaBibv5YF83ydugAdT4egNOfpyog/132,0,7,1765108093936,0,
6904526530161541120,1607585364,,6904506577466756365,保险公司是骗子公司,101927191874,MS4wLjABAAAAoJ8JXF_Ij5KiCsAnskrN3NJV9A6BaRuocrVXX5lgXac,1186245671,,,烟火,https://p3-pc.douyinpic.com/aweme/100x100/aweme-avatar/mosaic-legacy_1e16a00011727f023e423.jpeg?from=2064092626,0,7,1765108093937,0,
6915043339965022215,1610034000,,6904506577466756365,买保险的人是不是傻啊,2761616897869224,MS4wLjABAAAA8h3K-5gJRh0K9eKlRR2ujMOJN6gn5asr9vx9FsIcm6HW83xQsaFXZWNm6VbcpXWB,3964484207,dyhvpmlmw2ox68,,dyhvpmlmw2ox,https://p3-pc.douyinpic.com/aweme/100x100/aweme-avatar/tos-cn-i-0813c001_6d85a381962f4227b8720fc81045a962.jpeg?from=2064092626,0,2,1765108093939,0,
6904526928389636099,1607585459,,6904506577466756365,还不能让保险公司吃点回扣啊,2664862478252430,MS4wLjABAAAA_IYOXMQJFUhUlwUA8xdfGfpDFMYxDrJUIHg3bsYW9bWEHvQG3AwN5VUlQIIfSrOV,3707358753,dy1ypz04v8dq,,田朋,https://p3-pc.douyinpic.com/aweme/100x100/aweme-avatar/tos-cn-i-0813_ee857c09f99d4dd0bce7271932e7cbbe.jpeg?from=2064092626,0,1,1765108093940,0,
6904526282475438091,1607585309,,6904506577466756365,谁买保险谁傻！,104443683421,MS4wLjABAAAAtZUbyJt3QzTputDArqQLc89cqacjlTkpfFJQIHo4DWU,3408446563,Y009711,,嘉庆,https://p3-pc.douyinpic.com/aweme/100x100/aweme-avatar/tos-cn-i-0813c001_ocz5gODAAQoAFBqpWCfC9JnHMnHfFYAcAEAmQI.jpeg?from=2064092626,0,3,1765108093941,0,
6904526158247804943,1607585276,,6904506577466756365,以后甲状腺癌只能赔百分之30了,105426780728,MS4wLjABAAAAtNZuFH1t6NJYzJO5o0nuBt64n7A08TXoC6dmEZzMu8Y,1653874475,,,人体侦察兵,https://p3-pc.douyinpic.com/aweme/100x100/aweme-avatar/mosaic-legacy_c16000003f97583dac4.jpeg?from=2064092626,0,6,1765108093943,0,
6904525812939440132,1607585198,,6904506577466756365,套路太深了[泣不成声][泣不成声],870467283192008,MS4wLjABAAAArnAvcKq6Kbei2iKuLnFCj_3YA1lH7luZs8PN0hJyHzo,3735471103,dy7fbc4o8f70,,抖٩( 'ω' )و 音🤣神$曲%,https://p3-pc.douyinpic.com/aweme/100x100/aweme-avatar/tos-cn-i-0813_cf078cdfc0ef4fdc82fbb24d4157a944.jpeg?from=2064092626,0,10,1765108096360,0,
6904523186206081039,1607584584,,6904506577466756365,这还分期么？怎么不知道分六十期啊！得一次只要赔六万[看][看],94997546274,MS4wLjABAAAAssujc80YRzx81_NV-gTPIXNMfT0rNH4XaQJ0PMrgIaw,595713580,,,👌👌👌欧不欧K,https://p3-pc.douyinpic.com/aweme/100x100/aweme-avatar/mosaic-legacy_1725200006d1b03b9fa1c.jpeg?from=2064092626,0,2,1765108096362,0,
6904525743230402575,1607585181,,6904506577466756365,这明显坑人，保险，保险，没有保只有险[捂脸],99717171245,MS4wLjABAAAAOCTi_RTCjs1AQQTMVyWb5KvJRjtlq24EmY8nNkkUdNg,3751137763,qqq111222q,,聪,https://p3-pc.douyinpic.com/aweme/100x100/aweme-avatar/tos-cn-i-0813_60fd9f0839814153bec237cff4ac8213.jpeg?from=2064092626,0,6,1765108096363,0,
6904526080749600783,1607585257,,6904506577466756365,纯粹是坑,104421755359,MS4wLjABAAAAfHy3wIr0yYQvmLfUtmewyAZB6FrHJG6Z59U_klaDq7o,1473379077,t648004808,,冰丝美业,https://p3-pc.douyinpic.com/aweme/100x100/aweme-avatar/tos-cn-i-0813_815fec83595c4777adc2351b23e49cf0.jpeg?from=2064092626,0,4,1765108096365,0,
6904526393473384452,1607585335,,6904506577466756365,保险是坑,110883756799,MS4wLjABAAAAGf47PbIEAfFybM7HBXFlTJT9gQ9f3B4gUPh6oUQQS80,2281616339,dyi6734o3pex,,用户8457631947187,https://p3-pc.douyinpic.com/aweme/100x100/aweme-avatar/mosaic-legacy_2407c0005abe19c90f62f.jpeg?from=2064092626,0,5,1765108096366,0,
6904525295815245839,1607585076,,6904506577466756365,二次赔付，没说清楚。因为我们大部分人都不懂保险,100643529887,MS4wLjABAAAAVtJ4TuIfy1R7HUcNVLk9rZELYy5ZGX7M68yiuUq0xEg,1532776220,S568019963,,Sunny,https://p3-pc.douyinpic.com/aweme/100x100/aweme-avatar/tos-cn-i-0813_b55f0e5174994a9283cdc6277bb263fa.jpeg?from=2064092626,0,3,1765108096367,0,
6904523349309800463,1607584622,,6904506577466756365,忽悠,111294455964,MS4wLjABAAAAc4RU8KHu6NYp65K_nvTiOE0sbGDh_4HIJcO6qBdNNdI,2078909413,1984921.,,往事随风,https://p3-pc.douyinpic.com/aweme/100x100/aweme-avatar/mosaic-legacy_1b5aa0002970525578db5.jpeg?from=2064092626,0,2,1765108096368,0,
6904527530582851587,1607585599,,6904506577466756365,保险点保障都没有呀,54789858383,MS4wLjABAAAAlYOAAKyNeDmVowfEPOUS8oiiugRRHFAiuGaGJks9g8Y,1592527915,,,用户233586,https://p3-pc.douyinpic.com/aweme/100x100/aweme-avatar/aweme_default_avatar.png.jpeg?from=2064092626,0,15,1765108096371,0,
6904526270907367427,1607585306,,6904506577466756365,垃圾公司,64558432265,MS4wLjABAAAAxiRpVUuVdh_jFxnz7vjePd1n8llt78UCKRC3wYpMci0,572681332,Elonchen668,,杰哥很努力💪,https://p3-pc.douyinpic.com/aweme/100x100/aweme-avatar/tos-cn-avt-0015_958f8b7fbe5384ccf9a61ac2b34a320c.jpeg?from=2064092626,0,2,1765108096372,0,
6904518149266407424,1607583411,,6904506577466756365,好了至少人家给你30万总比人家一毛都不给强啊[捂脸],101857771596,MS4wLjABAAAAfWznRg6wf697agKTc2jdIim3BP9pBnIiUdfczgA0mlY,1789247354,V13805040580,,曾哥,https://p3-pc.douyinpic.com/aweme/100x100/aweme-avatar/tos-cn-i-0813_1d6afabe1eec4ec587a421ed3c727d1e.jpeg?from=2064092626,0,2,1765108096374,0,
6904526105001705472,1607585265,,6904506577466756365,保险的嘴，没人信,92570208632,MS4wLjABAAAAGqqJXZpmXeeX-IJAy7dGcqY70bfSNGgDGg7md-dvjIA,847454646,,,三山五岳,https://p3-pc.douyinpic.com/aweme/100x100/aweme-avatar/tos-cn-i-0813_oM65RPinzgZAiUAAMEgAaAmPgtAIIbzBioqcS.jpeg?from=2064092626,0,1,1765108096375,0,
6904526860458852367,1607585441,,6904506577466756365,据我所知保险业务员的提成可是很高的。,63177685986,MS4wLjABAAAA-eIfwHR4FJMv_1KpAqMHezw3XQb4V3H2pkAm7BVGgq0,36402044,,,@C.c,https://p3-pc.douyinpic.com/aweme/100x100/aweme-avatar/tos-cn-avt-0015_634de469613a1979369eca402aede40a.jpeg?from=2064092626,0,5,1765108096376,0,
6904525275070251008,1607585071,,6904506577466756365,告他,68057251033,MS4wLjABAAAAIwkYAazlBnI6_CLasqjwx1ugb5uK8DqBiu1w9y2WMnw,866513109,,,苏长河,https://p3-pc.douyinpic.com/aweme/100x100/aweme-avatar/tos-cn-i-0813_49691f7b335b4dcc822c00f96fbded62.jpeg?from=2064092626,0,3,1765108096377,0,
6904527300260855823,1607585544,,6904506577466756365,玩游戏呢。,98111397604,MS4wLjABAAAA7ZLe4d-qBhH3udTOnBRfy-LliSnNBUkSBN8nO3fopYE,1211043583,mzsh8888,,墨卒书画老隋,https://p3-pc.douyinpic.com/aweme/100x100/aweme-avatar/mosaic-legacy_2db7d000856b9e7d7f5cb.jpeg?from=2064092626,0,12,1765108096379,0,
6904521768661549070,1607584254,,6904506577466756365,业务员的问题。,96671059063,MS4wLjABAAAAsEb6zJk1D4m3Ztawmxd_lXSwDUWWPHjAgHikyVnc_AA,731339841,,,猫🐱,https://p3-pc.douyinpic.com/aweme/100x100/aweme-avatar/mosaic-legacy_2410f0003d92250941440.jpeg?from=2064092626,0,3,1765108096381,0,
6904526685577429003,1607585403,,6904506577466756365,保险公司的狡辩，天下无敌![捂脸],92460551801,MS4wLjABAAAAd8eEmDKBmufsrPZrAAz7m_vhSoyzxnkInO5AEyBdsJo,1111923208,,,A嵘帅,https://p3-pc.douyinpic.com/aweme/100x100/aweme-avatar/mosaic-legacy_f7700003dc99441b6ad0.jpeg?from=2064092626,0,9,1765108096383,0,
6904526568221130752,1607585372,,6904506577466756365,起诉就完了[灵光一闪],111628133334,MS4wLjABAAAAr1mn2KBFZ_G0U1gNdlIwVAyOeXlixlnk6E0ywozoXGA,2138388438,,,赵辉煌【眼里容不下一粒沙】,https://p3-pc.douyinpic.com/aweme/100x100/aweme-avatar/mosaic-legacy_2831e0005162a1076c5b1.jpeg?from=2064092626,0,3,1765108096384,0,
6904526535987445764,1607585368,,6904506577466756365,这种问题还是得小莉来,64105191308,MS4wLjABAAAA7y7w2NPDFAYgZnaXtVY4ktfKiIv1Bv5993K7rzH4Qvs,114250967,,,宇航⁼̴̤̆,https://p3-pc.douyinpic.com/aweme/100x100/aweme-avatar/tos-cn-i-0813_aeefb89ee12f472db57c89ebc316defc.jpeg?from=2064092626,0,3,1765108096385,0,
6904527211043487744,1607585522,,6904506577466756365,买保险的人又聪明又傻，哎，我也买了[泣不成声]一年5000多,1569755607083997,MS4wLjABAAAA6GQpVYE7TTnvpND9gThe3umgJ3YGUlLhvZEuZHanhQ9opPGKnsPbXKuhjtVnxhR7,2298345642,83094432274,,用户5896692786846,https://p3-pc.douyinpic.com/aweme/100x100/aweme-avatar/aweme_default_avatar.png.jpeg?from=2064092626,0,8,1765108096387,0,
6904526199369203715,1607585289,,6904506577466756365,套路！,8416866865438,MS4wLjABAAAAr4Pxq5dGvBVRZk0vn9J8r6q9uzObigSWNf79zGYBSFs,3606661384,dyj3a4ad59jv,,风一样,https://p3-pc.douyinpic.com/aweme/100x100/aweme-avatar/tos-cn-i-0813_c4e1aafbd7fd437c925393384a3b4e74.jpeg?from=2064092626,0,2,1765108096388,0,
6904513341403217920,1607582293,,6904506577466756365,小保险公司，，，，保险只认太平洋,99091811592,MS4wLjABAAAAFkK_BKfLeT_l13R-3aoRaAc2p3wiMw4XYMloUUv6JHs,976713651,,,无名之氏,https://p3-pc.douyinpic.com/aweme/100x100/aweme-avatar/tos-cn-i-0813_3ec1ee39282a43598638e619c71b485f.jpeg?from=2064092626,0,4,1765108098742,0,
6904512139546099726,1607582011,,6904506577466756365,看合同撒,104686157327,MS4wLjABAAAASxMTjV4T39UgtqjpYEEk0fwayThvRY1Xj3j_Rri6H_A,3599536923,mdlwlshjequitfqc,,蓝天白云,https://p3-pc.douyinpic.com/aweme/100x100/aweme-avatar/tos-cn-i-0813c001_okAlYdIgCoAFiEBLHo9Jo6fxAdDeACAQ1ArmgQ.jpeg?from=2064092626,0,1,1765108098744,0,
6904509398921003011,1607581377,,6904506577466756365,保险是以盈利为目的,105381004086,MS4wLjABAAAAZ2xyB3o1ibcrIfIc-SorKLWb-eihcZvaRR5ug_GeiqI,1650364487,,,冰糖散人,https://p3-pc.douyinpic.com/aweme/100x100/aweme-avatar/tos-cn-i-0813c001_b624f72c267d4a05a181a5c4d439f556.jpeg?from=2064092626,0,2,1765108098745,0,
6904526844939419659,1607585437,,6904506577466756365,保险不是一般得了重大疾病一次性赔付吗[泪奔],81228333021,MS4wLjABAAAAyTbjUf8RoEhmaf-6bFWQppwlV7YgUlBDYdGU84ruJmk,162193742,,,One🔚Two🔚Three🔚Fou,https://p3-pc.douyinpic.com/aweme/100x100/aweme-avatar/tos-cn-avt-0015_e5ba54c845e933a74409cfa01c6c05dc.jpeg?from=2064092626,0,3,1765108098747,0,
6904516506642546688,1607583029,,6904506577466756365,目前保险我只信任中国人民保险,73601529397,MS4wLjABAAAAwzJbrAVtOVP2rnE_fJgIPlzyDPQ63TRtCD-jdtb5Hac,108219955,jun81818180,,王先生,https://p3-pc.douyinpic.com/aweme/100x100/aweme-avatar/tos-cn-i-0813c001_osu7mAI3uAB0gbAfE9CACnWrGCi79qyiUAnvfA.jpeg?from=2064092626,0,4,1765108098748,0,
6904525197211828224,1607585055,,6904506577466756365,中国保险的诚信[捂脸],95938565785,MS4wLjABAAAAbQJzuMuwixTf_vXBTCoYYTvzf3byNCn2Uj6lZWYUxcw,2892104783,HXS16868,,香山居沉香,https://p3-pc.douyinpic.com/aweme/100x100/aweme-avatar/tos-cn-i-0813_644d27c2273a467fa624da06718c43a0.jpeg?from=2064092626,0,4,1765108098750,0,
6904522314911170572,1607584385,,6904506577466756365,最不可信的就是保险公司,101427021213,MS4wLjABAAAAA333rASyQAuiFewXS90DP67RCoqrL_uz-W1nwmRej8w,2150468087,,,去繁入简,https://p3-pc.douyinpic.com/aweme/100x100/aweme-avatar/tos-cn-i-0813c001_ooMlC5wAhgUfQDlAFgUEfjyA9qBCzAAIAtFIJC.jpeg?from=2064092626,0,1,1765108098752,0,
6904526580791050254,1607585376,,6904506577466756365,保险公司的话你也信[捂脸][捂脸][捂脸][捂脸][捂脸],110557456602,MS4wLjABAAAANizd1I_pRwfmRadX0c56Fe1jQ1qHNQzW1kyMoznSPyk,2292932792,dyhvz61zjvxj,,小升升,https://p3-pc.douyinpic.com/aweme/100x100/aweme-avatar/tos-cn-i-0813_b0a59e8c1b9a4e89af88414b8527b7e8.jpeg?from=2064092626,0,8,1765108098754,0,
6904509587216039939,1607581422,,6904506577466756365,这公司可不能买啊，坑人呢,53626476268,MS4wLjABAAAAqFhfgvGYkREFFl8bp8Jkj1hdO6jOzwvvvySweOgQ3pA,895188650,,,★刻苦铭心★,https://p3-pc.douyinpic.com/aweme/100x100/aweme-avatar/mosaic-legacy_2dff30002823bdd78d3de.jpeg?from=2064092626,0,1,1765108098755,0,
6904510400885194752,1607581607,,6904506577466756365,买国企的保险,85592129638,MS4wLjABAAAAEbSAvFLwsJiaTGt8uSe5w0s1tFQlGlJSR87-TGzpn4c,201691824,26629781801,,用户8359157726488,https://p3-pc.douyinpic.com/aweme/100x100/aweme-avatar/aweme_default_avatar.png.jpeg?from=2064092626,0,1,1765108098757,0,
6904525830152536075,1607585200,,6904506577466756365,保险公司真的太坑人了，也没个领导站出来管管[捂脸],102030905188,MS4wLjABAAAAuWUZ85WZ3KzhASK3dsNKAduJUnKG7MY8A2py-_zUkEg,1196246976,,,阳光安林,https://p3-pc.douyinpic.com/aweme/100x100/aweme-avatar/tos-cn-avt-0015_a281cfbf33eef2db92f8ff000bc8fa00.jpeg?from=2064092626,0,1,1765108098758,0,
6904509341253730308,1607581365,,6904506577466756365,无语[赞][赞][赞],105990921436,MS4wLjABAAAA3MuaZ7POvLJYmKUN56AGxu4m3yCjKbTzRSzhBh06Uo0,1693287003,47028573599,,用户9770871330830,https://p3-pc.douyinpic.com/aweme/100x100/aweme-avatar/aweme_default_avatar.png.jpeg?from=2064092626,0,1,1765108098759,0,
6904518052575395847,1607583390,,6904506577466756365,银保监会走起啊,102537408949,MS4wLjABAAAA-xR7meUa8ig-4F8TSlglTFKQpEGfzWsevdQGG5CCzJw,1515383024,,,用户0209492807409,https://p3-pc.douyinpic.com/aweme/100x100/aweme-avatar/aweme_default_avatar.png.jpeg?from=2064092626,0,2,1765108098761,0,
6904517934379810816,1607583363,,6904506577466756365,中宏人寿[灵机一动],96377885417,MS4wLjABAAAAJcOhLwVh8OaPJ6IxtW_UrtpOW5kdVoYRHF64VCzwz-s,1703955460,,,沫。,https://p3-pc.douyinpic.com/aweme/100x100/aweme-avatar/tos-cn-i-0813_oMdQMIlxvBNAAAiXid3ErTvNIPAZBjcIDOb5A.jpeg?from=2064092626,0,0,1765108098762,0,
6904526053596381196,1607585255,,6904506577466756365,告,102918367351,MS4wLjABAAAAF0H1yELEkr4_ZeiLEdBw-hb5RqSgBhDPhh6Tm3Uldcs,2198460279,,,祥瑞满满,https://p3-pc.douyinpic.com/aweme/100x100/aweme-avatar/tos-cn-i-0813c001_ocAAPeNEwDnAnfpA7biEfQBOAEDUBAAQKM6KIA.jpeg?from=2064092626,0,1,1765108098764,0,
6904512285453811719,1607582048,,6904506577466756365,你失误也要赔,73790579001,MS4wLjABAAAA2xFtMjh7vKd9gMlzOQ2W5DTrYDdI_fmisJXM6JJ84ak,138263629,bxxaq9876,,江江,https://p3-pc.douyinpic.com/aweme/100x100/aweme-avatar/tos-cn-avt-0015_04f028be55a751d87d701f078d6fef0a.jpeg?from=2064092626,0,1,1765108098765,0,
7151371637584462623,1665058466,,6904506577466756365,[比心],3095831173672699,MS4wLjABAAAAWm8IzUPoLiPVI_OVOYnzKWxHmJktTj3YQPi5WB-wuYjIq85zkdPEChIQ7DLWmaD4,3825824830,xingyun40249,,幸运,https://p3-pc.douyinpic.com/aweme/100x100/aweme-avatar/tos-cn-i-0813_6e1ae0c76c5d4e94b48228b7b6cacba2.jpeg?from=2064092626,0,0,1765108098767,0,
7099169380898751240,1652904306,,6904506577466756365,，[赞][赞][赞].知道,95119155998,MS4wLjABAAAAH2-wbROZ72zx9gfnfy7okGmC9pGc_ZJt5pSShFGWdAU,587611527,587611527Bb,,活着开心,https://p3-pc.douyinpic.com/aweme/100x100/aweme-avatar/tos-cn-avt-0015_289c21062f0a7c47641e884743522235.jpeg?from=2064092626,0,0,1765108098768,0,
6904527489319108620,1607585589,,6904506577466756365,妈的，谁愿意得病，,74970125141,MS4wLjABAAAAH_ebJ4xLDpco3qxYdUJm3fja-mveGqNua9R9L-xlICM,171694186,P1925113089,,雷哥二手车批发基地,https://p3-pc.douyinpic.com/aweme/100x100/aweme-avatar/tos-cn-i-0813_oQPAEBflFEWIyAX7yBeQeEJAAvB6Ac8GXilMQg.jpeg?from=2064092626,0,15,1765108098770,0,
6904527024564895747,1607585480,,6904506577466756365,日,88971888916,MS4wLjABAAAAjDS3thbDCRn02Ne19DSm7Hj5HRTuqsxH07F21RerkM0,1738081540,,,唐二哥,https://p3-pc.douyinpic.com/aweme/100x100/aweme-avatar/tos-cn-i-0813_2609d04f2b9141da94114a9f5dfefc2a.jpeg?from=2064092626,0,6,1765108098772,0,
6904527790293499912,1607585655,,6904506577466756365,保险两大不赔，这也不赔那也不赔,93112825078,MS4wLjABAAAA7mAX8ptxtL6HmHRELYW9Jb5Di_HblCWf64BDHCSfTNs,352492546,,,隔壁老李、,https://p3-pc.douyinpic.com/aweme/100x100/aweme-avatar/tos-cn-i-0813c000-ce_oUDEowfEEO4BOIeFQ5zDfJP7BMAFAAcgAEQRIr.jpeg?from=2064092626,0,274,1765108101187,0,
6904526934186295296,1607585458,,6904506577466756365,最保险的事就是不要买保险,98695261743,MS4wLjABAAAAV-FKME1j2fN6LpHaxm46PLGlDHOmYXmG-bArGX5ylVI,3669449730,419L101826W214,,@～@,https://p3-pc.douyinpic.com/aweme/100x100/aweme-avatar/tos-cn-i-0813c001_oUElIAAAeLWkAvzyZfAatwa5GaHA9hAgDxpXCv.jpeg?from=2064092626,0,13,1765108101189,0,
6904526656246317071,1607585393,,6904506577466756365,给你30万都是良心了,78787632683,MS4wLjABAAAAfpGipGyzwrYFnjVVrNI1ufFE2DQj4sXiWsflI2RzJao,1015829369,,,用户8145218550497,https://p3-pc.douyinpic.com/aweme/100x100/aweme-avatar/aweme_default_avatar.png.jpeg?from=2064092626,0,7,1765108101191,0,
6904527368275197955,1607585559,,6904506577466756365,@柒夏流年,94638140017,MS4wLjABAAAA90Yoer88h60NZK6bOzGRLXiyfE9S-V9EWhmBCKL8ZfY,576355440,,,B+,https://p3-pc.douyinpic.com/aweme/100x100/aweme-avatar/tos-cn-avt-0015_3d5a8e601d1bca7fa44758430fd075a1.jpeg?from=2064092626,0,1,1765108101192,0,
7205081586827985722,1677563798,,6904506577466756365,@小狗丹尼,103095243325,MS4wLjABAAAA-ybXVNDQOsEeJNxR8l7j-euZTSkqajFIGKmgq_YFCHc,1282262335,,,一条大路,https://p3-pc.douyinpic.com/aweme/100x100/aweme-avatar/tos-cn-avt-0015_543c18affa970661803d32eea7401858.jpeg?from=2064092626,0,0,1765108101193,0,
6904563906325987341,1607594064,,6904506577466756365,保险就是骗人的,110774258964,MS4wLjABAAAAcqkZ2j2QZ_JF4tK0lbsxK1sOGrgRK18DzKo_w9IJp1c,1987408972,,,刘科,https://p3-pc.douyinpic.com/aweme/100x100/aweme-avatar/mosaic-legacy_26d530006303dec0a286a.jpeg?from=2064092626,0,161,1765108101195,0,
6904525126688440324,1607585038,,6904506577466756365,正常，骗人的保险,81478617168,MS4wLjABAAAAQCHgBA5DcX19lxf8YOLbweiMx_Rt2bL9kx3KpPmHjps,1386504996,,,永汇盈机电，华远，焊机，钢构成套设备,https://p3-pc.douyinpic.com/aweme/100x100/aweme-avatar/tos-cn-i-0813_oUOAEeXiREcI2AL7eBwQwJGAAlBFAgeC2iaGIC.jpeg?from=2064092626,0,1,1765108101196,0,
7475822296444879656,1740600564,,6904506577466756365,"中宏保险最坑人的保险公司！
本身就财务造假被处罚！想理赔太难咯",60552281700,MS4wLjABAAAA2lpPHRRtVKQTaDWr-pVzAm6CWmeQZTvDbgy9kjZD3Fw,369156787,313419tim..,,Tim陈,https://p3-pc.douyinpic.com/aweme/100x100/aweme-avatar/mosaic-legacy_209e400026c6b085dadc9.jpeg?from=2064092626,0,0,1765108101198,0,
7186255684416324404,1673180542,,6904506577466756365,客户无理取闹！,105476030718,MS4wLjABAAAAkyDr-ZAaQNOHZRv67Woi7cgO7eBcPrtLyKBxfZP72mw,3710055491,dynencjifdsj,,海浪沙滩,https://p3-pc.douyinpic.com/aweme/100x100/aweme-avatar/tos-cn-avt-0015_d8aaba45db9c1526dddb5c66b326f549.jpeg?from=2064092626,0,0,1765108101201,0,
7205494876312781568,1677660020,,6904506577466756365,中宏保险就是骗子，玩文字游戏,96248534189,MS4wLjABAAAA6X9MJLM_9A9GWQRiVi3UbSJ9NxuCdUaBIP5ROq_54Tw,658627759,,,天天早早起,https://p3-pc.douyinpic.com/aweme/100x100/aweme-avatar/tos-cn-avt-0015_b2c8380037e0e9dfbe16c1cefab77664.jpeg?from=2064092626,0,1,1765108101202,0,
7217069775841657640,1680355006,,6904506577466756365,中宏保险很垃圾，价格很贵，保额很低，已经上当受骗，恶心至极,2049087269514244,MS4wLjABAAAAG8n2UqSRSKhSSS1_QQhQFoTLrcdFAU3M7gJ8aT8aADuvnyLRPAz8XIG1qlgKzMqe,3641809172,gegegeyang88,,职场导师杨洋（职业规划、面试教练）,https://p3-pc.douyinpic.com/aweme/100x100/aweme-avatar/tos-cn-i-0813_00970a0185ac44e0b865638e8ca1b901.jpeg?from=2064092626,0,0,1765108101203,0,
7160648978195202831,1667218517,,6904506577466756365,这不赔，那不赔,22591340602,MS4wLjABAAAAuIBfhRWOFj3jowEehpENU7uFmORJneZRYF_2ZRz4B1Q,112672874,,,好吃零食,https://p3-pc.douyinpic.com/aweme/100x100/aweme-avatar/tos-cn-i-0813c000-ce_oQrMDEAAPA0hZQ2sAaoAyPVnJAARiiAiIGBcz.jpeg?from=2064092626,0,0,1765108101205,0,
7150968925466641182,1664964704,,6904506577466756365,保险真的让人胆寒[泪奔],94554442846,MS4wLjABAAAAGJiQBFtxsYw--01VNEtyA9tdfjk0x4Ta146Sh3lyXJ8,941949748,,,控心^_^,https://p3-pc.douyinpic.com/aweme/100x100/aweme-avatar/douyin-user-image-file_a7c028b304531f36f0befd8827fd928f.jpeg?from=2064092626,0,0,1765108101206,0,
